BRANDS SOLD,PRODUCT TYPES/ CATEGORIES,RETAILER TYPE,RETAILER_ID,RETAILER NAME,LOCATION NAME,ADDRESS,LAND MARK,CITY,DISTRICT,STATE/PROVINCE,ZIP/POSTAL CODE,COUNTRY,CONTACT PHONE,CONTACT PERSON,STORE SIZE,GEO COORDINATES,TIER LEVEL OF GOODS SOLD,URL,NUMBER OF STORES/BRANCHIES IN THE CHAIN,HQ ADDRESS,HOLDING COMPANY NAME,HOLDING COMPANY ADDRESS,HOLDINGS CONTACT,URL (HOLDING COMAPANY),MANUFACTURER / FACTORY,MANUFACTURER ADDRESS,MANUFACTURER CONTACT
CROMA,TV,Consumer Electronics,,CROMA,centre-square-mall,"Croma, Centre Square Mall, Near Genda Circle Opp Vadodara Central,
Sarabhai Rd
Vadodara,390023",,vadodara,,,390023,India,,,,,,https://ysprod.croma.com/store_sites/vadodara-centre-square-mall.html,,,,,,,,,
CROMA,TV,Consumer Electronics,,CROMA,eva-mall,"Croma, Patidar Crossing, EVA Mall,
near Saraswati Complex, Manjalpur
Vadodara,390011",,vadodara,,,390011,India,,,,,,https://ysprod.croma.com/store_sites/vadodara-eva-mall.html,,,,,,,,,
CROMA,TV,Consumer Electronics,,CROMA,ghoddod-road,"Croma, Crossway Mall Ghod Dod Road, 
Ram Chowk
Surat,395007",,surat,,,395007,India,,,,,,https://ysprod.croma.com/store_sites/surat-ghoddod-road.html,,,,,,,,,
CROMA,TV,Consumer Electronics,,CROMA,piplod,"Croma, Ripple Mall, Opposite Iscon Mall, 
Dumas Rd, Piplod
Surat,395001",,surat,,,395001,India,,,,,,https://ysprod.croma.com/store_sites/surat-piplod.html,,,,,,,,,
CROMA,TV,Consumer Electronics,,CROMA,varachha,"Croma, DeepKamal Mall, Varachha Main Rd,
Sarthana Jakat Naka
Surat,395006",,surat,,,395006,India,,,,,,https://ysprod.croma.com/store_sites/surat-varachha.html,,,,,,,,,
CROMA,TV,Consumer Electronics,,CROMA,crystal-mall,"Croma, Crystal Mall, Kalavad Rd, 
Opp. Rani Tower
Rajkot,360005",,rajkot,,,360005,India,,,,,,https://ysprod.croma.com/store_sites/rajkot-crystal-mall.html,,,,,,,,,
CROMA,TV,Consumer Electronics,,CROMA,aundh,"Croma, Restaurant, Survey No.127/2B/1A Technology Park ITI Road,
Near, Sarjaa Rd, Sahil Park, Sanewadi, Aundh
Pune,411007",,pune,,,411007,India,,,,,,https://ysprod.croma.com/store_sites/pune-aundh.html,,,,,,,,,
CROMA,TV,Consumer Electronics,,CROMA,baner-pune,"Croma, Showroom No. 1 & 2, Ground Floor, Pride Gateway S. No. 112,
1/2/1, 112/1/2/3 P, Baner
Pune,411045",,pune,,,411045,India,,,,,,https://ysprod.croma.com/store_sites/pune-baner-pune.html,,,,,,,,,
CROMA,TV,Consumer Electronics,,CROMA,croma-baramati,"Croma, 116/12, Lower Ground, Ground, First and Second Floor G G Prime Square,
Jalochi, Baramati Bhigwan Road
Pune,413102",,pune,,,413102,India,,,,,,https://ysprod.croma.com/store_sites/pune-croma-baramati.html,,,,,,,,,
CROMA,TV,Consumer Electronics,,CROMA,kothrud,"Croma, Giridhar Avenue,Ground Flr S.No.20/2 Plot No.R1,
CTS No.677, Kothrud
Pune,411038",,pune,,,411038,India,,,,,,https://ysprod.croma.com/store_sites/pune-kothrud.html,,,,,,,,,
CROMA,TV,Consumer Electronics,,CROMA,krome-mall-pune-solapur-road,"Croma, Krome Mall, 32/1, Pune - Solapur Rd, Bhaskar Colony, 
Swami Vivekanand Nagar, Lakshmi Nagar, Wanowrie
Pune ,411013",,pune,,,411013,India,,,,,,https://ysprod.croma.com/store_sites/pune-krome-mall-pune-solapur-road.html,,,,,,,,,
CROMA,TV,Consumer Electronics,,CROMA,phoenix-market-city,"Croma, Phoenix Market City, Croma nd Floor, Velachery Main Rd,
near By Guru Nanak College, Velachery
Pune,411014",,pune,,,411014,India,,,,,,https://ysprod.croma.com/store_sites/pune-phoenix-market-city.html,,,,,,,,,
CROMA,TV,Consumer Electronics,,CROMA,pimpri,"Croma, Shubhan Galleria, Shop No. 2, Ground Floor Opp Judson High School, 
Next to Finolx Chowk, Pimpri Colony
Pune,411018",,pune,,,411018,India,,,,,,https://ysprod.croma.com/store_sites/pune-pimpri.html,,,,,,,,,
CROMA,TV,Consumer Electronics,,CROMA,seasons-mall-magarpatta-city,"Croma, Seasons Mall, 21, Magarpatta Police Station Rd,
Magarpatta, Hadapsar
Pune,411028",,pune,,,411028,India,,,,,,https://ysprod.croma.com/store_sites/pune-seasons-mall-magarpatta-city.html,,,,,,,,,
CROMA,TV,Consumer Electronics,,CROMA,wakad,"Croma, Ground Floor, Showroom no.3/2 Building No. A,
GO Square, Wakad
Pune,411057",,pune,,,411057,India,,,,,,https://ysprod.croma.com/store_sites/pune-wakad.html,,,,,,,,,
CROMA,TV,Consumer Electronics,,CROMA,logix-city-centre,"Croma, Unit No. 11 Logix City Centre Plot No,
BW-58, Sector 32
Noida,201301",,noida,,,201301,India,,,,,,https://ysprod.croma.com/store_sites/noida-logix-city-centre.html,,,,,,,,,
CROMA,TV,Consumer Electronics,,CROMA,noida-mall-of-india,"Croma, Unit No. C218B, 1st Floor DLF Mall of India Plot No. H-03, Sector 18,
Noida
Noida,201301",,noida,,,201301,India,,,,,,https://ysprod.croma.com/store_sites/noida-noida-mall-of-india.html,,,,,,,,,
CROMA,TV,Consumer Electronics,,CROMA,connaught-place,"Croma, Ground Floor, Odeon Cine Complex, 
D Block, Connaught Place
New Delhi,110001",,new-delhi,,,110001,India,,,,,,https://ysprod.croma.com/store_sites/new-delhi-connaught-place.html,,,,,,,,,
CROMA,TV,Consumer Electronics,,CROMA,dwarka,"Croma, Pocket B, 4, Sector 13 Main Rd, 
Sector 13, Dwarka
New Delhi,110075",,new-delhi,,,110075,India,,,,,,https://ysprod.croma.com/store_sites/new-delhi-dwarka.html,,,,,,,,,
CROMA,TV,Consumer Electronics,,CROMA,east-of-kailash,"Croma, Plot No.E, Lamba House 11-A, 
East of Kailash
New Delhi,110065",,new-delhi,,,110065,India,,,,,,https://ysprod.croma.com/store_sites/new-delhi-east-of-kailash.html,,,,,,,,,
CROMA,TV,Consumer Electronics,,CROMA,green-park,"Croma, Main Market, Plot bearing no. S-31,
Block S, Green Park
New Delhi,110016",,new-delhi,,,110016,India,,,,,,https://ysprod.croma.com/store_sites/new-delhi-green-park.html,,,,,,,,,
CROMA,TV,Consumer Electronics,,CROMA,janakpuri-unity-one,"Croma, Unity one-janakpuri,Multilevel Car Parking Shop no G6,G7,
F6 & F7 Janakpuri west metro station Near Metro Piller No 600
New Delhi,110058",,new-delhi,,,110058,India,,,,,,https://ysprod.croma.com/store_sites/new-delhi-janakpuri-unity-one.html,,,,,,,,,
CROMA,TV,Consumer Electronics,,CROMA,kamla-nagar,"Croma, 27, Bungalow Rd, Block UA, Jawahar Nagar,
Kamla Nagar
New Delhi,110007",,new-delhi,,,110007,India,,,,,,https://ysprod.croma.com/store_sites/new-delhi-kamla-nagar.html,,,,,,,,,
CROMA,TV,Consumer Electronics,,CROMA,preet-vihar,"Croma, No.C, 53 Vikash Marg, Road,
Plot Alpha, C Block, Preet Vihar
New Delhi,110092",,new-delhi,,,110092,India,,,,,,https://ysprod.croma.com/store_sites/new-delhi-preet-vihar.html,,,,,,,,,
CROMA,TV,Consumer Electronics,,CROMA,pusa-road,"Croma, Plot No-3, Pusa Rd, Block 18 A, 
WEA, Karol Bagh
New Delhi,110005",,new-delhi,,,110005,India,,,,,,https://ysprod.croma.com/store_sites/new-delhi-pusa-road.html,,,,,,,,,
CROMA,TV,Consumer Electronics,,CROMA,rajouri-garden,"Croma, C-10, Near, Gurudwara Rd,
Block C, Rajouri Garden
New Delhi,110027",,new-delhi,,,110027,India,,,,,,https://ysprod.croma.com/store_sites/new-delhi-rajouri-garden.html,,,,,,,,,
CROMA,TV,Consumer Electronics,,CROMA,rohini-sector3,"Croma,Vikas Surya Shopping Mall
Plot No.18,Mangalam Place,Sec -3,Rohini 
New Delhi,110085",,new-delhi,,,110085,India,,,,,,https://ysprod.croma.com/store_sites/new-delhi-rohini-sector3.html,,,,,,,,,
CROMA,TV,Consumer Electronics,,CROMA,rohini-unity-metro-park,"Croma, Unity One-Rohini, Shop no G1, Sector-10 Bhagwan Mahavir Marg Beside Rohini West Metro Station,
Unity One Mall
New Delhi,110085",,new-delhi,,,110085,India,,,,,,https://ysprod.croma.com/store_sites/new-delhi-rohini-unity-metro-park.html,,,,,,,,,
CROMA,TV,Consumer Electronics,,CROMA,saket,"Croma, E,150, Saket Rd,
Block E, Saket
New Delhi,110017",,new-delhi,,,110017,India,,,,,,https://ysprod.croma.com/store_sites/new-delhi-saket.html,,,,,,,,,
CROMA,TV,Consumer Electronics,,CROMA,select-citywalk-mall,"Croma, F-02,First Floor, Select City Walk plot no.a-3 &, P-1B,
Saket District Centre, District Centre, Sector 6, Pushp Vihar
New Delhi,110017",,new-delhi,,,110017,India,,,,,,https://ysprod.croma.com/store_sites/new-delhi-select-citywalk-mall.html,,,,,,,,,
CROMA,TV,Consumer Electronics,,CROMA,south-ex,"Croma, D-14, South Extension,
Part 2, South Extension II
New Delhi,110049",,new-delhi,,,110049,India,,,,,,https://ysprod.croma.com/store_sites/new-delhi-south-ex.html,,,,,,,,,
CROMA,TV,Consumer Electronics,,CROMA,off-college-road,"Croma, Unit No.1/2/101, Hari Prabha Solitario,
Kulkarni Baug, Off College Road, Thatte Marg
Nasik,422005",,nasik,,,422005,India,,,,,,https://ysprod.croma.com/store_sites/nasik-off-college-road.html,,,,,,,,,
CROMA,TV,Consumer Electronics,,CROMA,croma-mysore-double-rd,"508, Vishwamanava Double Road
Kuvempunagar
Mysore,570023",,mysore,,,570023,India,,,,,,https://ysprod.croma.com/store_sites/mysore-croma-mysore-double-rd.html,,,,,,,,,
CROMA,TV,Consumer Electronics,,CROMA,akshar-plaza-vashi-,"Croma, Akshar Plaza Ground & First Floor Plot No. 26 & 27 C, Palm Beach Rd,
Sector 19, Vashi, Navi Mumbai
Mumbai,400705",,mumbai,,,400705,India,,,,,,https://ysprod.croma.com/store_sites/mumbai-akshar-plaza-vashi-.html,,,,,,,,,
CROMA,TV,Consumer Electronics,,CROMA,andheri-w-,"Croma, 2/3 Link Road Landmark,
Opposite China Gate Restaurant Andheri
Mumbai,400053",,mumbai,,,400053,India,,,,,,https://ysprod.croma.com/store_sites/mumbai-andheri-w-.html,,,,,,,,,
CROMA,TV,Consumer Electronics,,CROMA,bandra-linking-road,"Croma, Lower Ground Link Square Mall 490, Vitthalbhai Patel Road,
491, 33rd Rd, Bandra West
Mumbai,400050",,mumbai,,,400050,India,,,,,,https://ysprod.croma.com/store_sites/mumbai-bandra-linking-road.html,,,,,,,,,
CROMA,TV,Consumer Electronics,,CROMA,belapur-cbd,"Croma, Plot 35, Lords Bldg, 35A, Palm Beach Rd, 
Sector 15, CBD Belapur, Navi Mumbai
Mumbai,400614",,mumbai,,,400614,India,,,,,,https://ysprod.croma.com/store_sites/mumbai-belapur-cbd.html,,,,,,,,,
CROMA,TV,Consumer Electronics,,CROMA,bhandup,"Croma, Neptune Mall Ground Floor Near Mangatram petrol pump,
LBS Rd, Bhandup West
Mumbai,400078",,mumbai,,,400078,India,,,,,,https://ysprod.croma.com/store_sites/mumbai-bhandup.html,,,,,,,,,
CROMA,TV,Consumer Electronics,,CROMA,borivali-west-,"Croma, Natraj, Ground & 1st Floor, Sodawala Ln,
Borivali West
Mumbai,400092",,mumbai,,,400092,India,,,,,,https://ysprod.croma.com/store_sites/mumbai-borivali-west-.html,,,,,,,,,
CROMA,TV,Consumer Electronics,,CROMA,breach-candy,"Croma, 106, Dhun-Abad, Bhulabai Desai Road Junction of Warden Road, &, 
L Jagmohandas Marg
Mumbai,400036",,mumbai,,,400036,India,,,,,,https://ysprod.croma.com/store_sites/mumbai-breach-candy.html,,,,,,,,,
CROMA,TV,Consumer Electronics,,CROMA,century-bhawan-prabhadevi,"Croma, Century Bhavan, Lower Ground Floor,
Dr Annie Besant Rd, Worli
Mumbai,400030",,mumbai,,,400030,India,,,,,,https://ysprod.croma.com/store_sites/mumbai-century-bhawan-prabhadevi.html,,,,,,,,,
CROMA,TV,Consumer Electronics,,CROMA,croma-big-mall-thane,"Croma, Level 1, Big Shopping Center, Above Hyper City,
Ghodbunder Rd, Thane West
Mumbai,400601",,mumbai,,,400601,India,,,,,,https://ysprod.croma.com/store_sites/mumbai-croma-big-mall-thane.html,,,,,,,,,
CROMA,TV,Consumer Electronics,,CROMA,croma-churchgate-god,"Croma, Ram Mahal, Block No. 2, Ground Floor, 8
Dinshaw Vacha Rd, Churchgate
Mumbai,400020",,mumbai,,,400020,India,,,,,,https://ysprod.croma.com/store_sites/mumbai-croma-churchgate-god.html,,,,,,,,,
CROMA,TV,Consumer Electronics,,CROMA,croma-thane,"Croma, R Mall, House No. 43, S. NO. 32/2H, 5,
Ghodbunder Rd, Thane West
Mumbai,400607",,mumbai,,,400607,India,,,,,,https://ysprod.croma.com/store_sites/mumbai-croma-thane.html,,,,,,,,,
CROMA,TV,Consumer Electronics,,CROMA,growel-mall,"Croma, Growel's 101, Off Western Express Highway,
Akurli Road, Kandivali East
Mumbai,400101",,mumbai,,,400101,India,,,,,,https://ysprod.croma.com/store_sites/mumbai-growel-mall.html,,,,,,,,,
CROMA,TV,Consumer Electronics,,CROMA,high-street-phoenix-lower-parel,"Croma, 462, Grand Galleria, Pheonix Mills Compound,
Tulsi Pipe Rd, Block-43, Parel
Mumbai,400013",,mumbai,,,400013,India,,,,,,https://ysprod.croma.com/store_sites/mumbai-high-street-phoenix-lower-parel.html,,,,,,,,,
CROMA,TV,Consumer Electronics,,CROMA,horniman-circle-fort,"Croma, Ground Floor, Elphistone Building, 10-Veer Nariman Road, 
Horniman Circle, Fort
Mumbai,400023",,mumbai,,,400023,India,,,,,,https://ysprod.croma.com/store_sites/mumbai-horniman-circle-fort.html,,,,,,,,,
CROMA,TV,Consumer Electronics,,CROMA,infiniti-mall,"Croma, Infiniti Mall, Unit No.LG002,
New Link Rd, Malad West
Mumbai,400064",,mumbai,,,400064,India,,,,,,https://ysprod.croma.com/store_sites/mumbai-infiniti-mall.html,,,,,,,,,
CROMA,TV,Consumer Electronics,,CROMA,juhu,"Croma, Juhu Ground Floor, Vasundhara Chs, Opp Utpal Shanghvi School, 
Sainath Nagar, JVPD Scheme, Vile Parle West
Mumbai,400049",,mumbai,,,400049,India,,,,,,https://ysprod.croma.com/store_sites/mumbai-juhu.html,,,,,,,,,
CROMA,TV,Consumer Electronics,,CROMA,kharghar,"Croma, Kharghar,Showroom No.2/3/4/5/6,
Ground/First Floor The Landmark,Plot No.26A,Sec 07, Kharghar
Mumbai,410210",,mumbai,,,410210,India,,,,,,https://ysprod.croma.com/store_sites/mumbai-kharghar.html,,,,,,,,,
CROMA,TV,Consumer Electronics,,CROMA,mahavir-nagar-kandivali,"Croma, V Souk, B-2, Sector-10, Opposite, Kamla Vihar Sports Club Ln,
Mahavir Nagar, Kandivali
Mumbai,400067",,mumbai,,,400067,India,,,,,,https://ysprod.croma.com/store_sites/mumbai-mahavir-nagar-kandivali.html,,,,,,,,,
CROMA,TV,Consumer Electronics,,CROMA,malad-link-road,"Croma, Palm Spring, Ground Floor Center, New Link Rd, 
Malad, Mindspace, Malad West
Mumbai,400064",,mumbai,,,400064,India,,,,,,https://ysprod.croma.com/store_sites/mumbai-malad-link-road.html,,,,,,,,,
CROMA,TV,Consumer Electronics,,CROMA,maxus-mall-bhayander,"Croma, Rashesh Mall, Near Maxus Mall, Sri Vallabhacharyaji Marg Near New fly over Bridge,
Next to Venkatesh Hall, Bhayandar
Mumbai,401101",,mumbai,,,401101,India,,,,,,https://ysprod.croma.com/store_sites/mumbai-maxus-mall-bhayander.html,,,,,,,,,
CROMA,TV,Consumer Electronics,,CROMA,mulund,"Croma, Colour Scape, Mall Dhamaal, Off LBS Road, Dumping Road Opp. R Mall, 
Near, Mulund Checknaka, Mulund West
Mumbai,400080",,mumbai,,,400080,India,,,,,,https://ysprod.croma.com/store_sites/mumbai-mulund.html,,,,,,,,,
CROMA,TV,Consumer Electronics,,CROMA,mumbai-airport-terminal-2-departures,"Croma, Chhatrapati Shivaji International Airport, Terminal 2,
Navpada, Vile Parle East, Vile Parle
Mumbai,400099",,mumbai,,,400099,India,,,,,,https://ysprod.croma.com/store_sites/mumbai-mumbai-airport-terminal-2-departures.html,,,,,,,,,
CROMA,TV,Consumer Electronics,,CROMA,phoenix-market-city-kurla,"Croma, UG - 41 / 42, LBS Rd, Kamani,
Kurla West, Kurla
Mumbai,400070",,mumbai,,,400070,India,,,,,,https://ysprod.croma.com/store_sites/mumbai-phoenix-market-city-kurla.html,,,,,,,,,
CROMA,TV,Consumer Electronics,,CROMA,r-mall,"Croma, R Mall, House No. 43, S. NO. 32/2H, 5, Ghodbunder Rd,
Dokali Pada, Dhokali, Thane West
Mumbai,400607",,mumbai,,,400607,India,,,,,,https://ysprod.croma.com/store_sites/mumbai-r-mall.html,,,,,,,,,
CROMA,TV,Consumer Electronics,,CROMA,r-city-mall-ghatkopar,"Croma, R City Mall, Unit No.G10, Ground Floor,
LBS Rd, Amrut Nagar, Ghatkopar West
Mumbai,400086",,mumbai,,,400086,India,,,,,,https://ysprod.croma.com/store_sites/mumbai-r-city-mall-ghatkopar.html,,,,,,,,,
CROMA,TV,Consumer Electronics,,CROMA,seawoods-grand-central-mall,"Croma, Plot No. R-1, Seawoods Grand Central Mall Railway Station,
Sector 40, Seawoods, Navi Mumbai
Mumbai,400706",,mumbai,,,400706,India,,,,,,https://ysprod.croma.com/store_sites/mumbai-seawoods-grand-central-mall.html,,,,,,,,,
CROMA,TV,Consumer Electronics,,CROMA,sion,"Croma, Cinemax, SION, Ground Floor, Sion Garage Building, 
Plot No. 112 Sion Koliwada Road,Near
Mumbai,400022",,mumbai,,,400022,India,,,,,,https://ysprod.croma.com/store_sites/mumbai-sion.html,,,,,,,,,
CROMA,TV,Consumer Electronics,,CROMA,terminal-1b-mumbai-airport,"Croma, At Ph II of Terminal B1 Chhatrapati Shivaji International Airport,
Navpada, Vile Parle East, Vile Parle
Mumbai,400099",,mumbai,,,400099,India,,,,,,https://ysprod.croma.com/store_sites/mumbai-terminal-1b-mumbai-airport.html,,,,,,,,,
CROMA,TV,Consumer Electronics,,CROMA,vr-mohali,"Croma,VRMALL-A162, Unit No.G-17,18,19, F-17,18,19
VR PUNJAB NH-21, S.A.S Nagar, Mohali Kharar Road
Mohali,160055",,mohali,,,160055,India,,,,,,https://ysprod.croma.com/store_sites/mohali-vr-mohali.html,,,,,,,,,
CROMA,TV,Consumer Electronics,,CROMA,mandya-croma,"Croma, Dayananda International D2/1529/1784/1, Bandi Gowda Layout Next to Hero Showroom,
Indian Oil petrol pump, SH 1
Mandya,571401",,mandya,,,571401,India,,,,,,https://ysprod.croma.com/store_sites/mandya-mandya-croma.html,,,,,,,,,
CROMA,TV,Consumer Electronics,,CROMA,croma-sarat-bose-road,"57, Sarat Bose Road, Ground, First and Second Floor
PS Residency Building
Kolkata,700025",,kolkata,,,700025,India,,,,,,https://ysprod.croma.com/store_sites/kolkata-croma-sarat-bose-road.html,,,,,,,,,
CROMA,TV,Consumer Electronics,,CROMA,croma-kolhapur,"Croma, Part Ground Floor, Plot No. 517 E, Next to Star Hyper,
Old Pune Bangalore, Road, Kolhapur
Kolhapur,416001",,kolhapur,,,416001,India,,,,,,https://ysprod.croma.com/store_sites/kolhapur-croma-kolhapur.html,,,,,,,,,
CROMA,TV,Consumer Electronics,,CROMA,jamnagar,"Croma, Unit no. 1 - 7, Ground & 1st Floor,
Shreeji One Nr. Gurudwara, Indira Gandhi Rd
Jamnagar,361001",,jamnagar,,,361001,India,,,,,,https://ysprod.croma.com/store_sites/jamnagar-jamnagar.html,,,,,,,,,
CROMA,TV,Consumer Electronics,,CROMA,wtp-jaipur,"Croma, 1st floor, Tower A1, North, World Trade Park,
Jawahar Lal Nehru Marg, D-Block, Malviya Nagar
Jaipur,302017",,jaipur,,,302017,India,,,,,,https://ysprod.croma.com/store_sites/jaipur-wtp-jaipur.html,,,,,,,,,
CROMA,TV,Consumer Electronics,,CROMA,croma-indore,"Croma, Unit No. F1 to F11, First Floor,
Apollo Premier, Vijay Nagar Square
Indore,452010",,indore,,,452010,India,,,,,,https://ysprod.croma.com/store_sites/indore-croma-indore.html,,,,,,,,,
CROMA,TV,Consumer Electronics,,CROMA,a-s-rao-nagar,"Croma, Tirupathi Reddy Plaza, Plot no 2,
G Block Colony AS Rao Nagar, Kapra
Hyderabad,500062",,hyderabad,,,500062,India,,,,,,https://ysprod.croma.com/store_sites/hyderabad-a-s-rao-nagar.html,,,,,,,,,
CROMA,TV,Consumer Electronics,,CROMA,attapur,"Croma, Sirimalle Square Plot Nos. 8, 9, 10 Survey No. 523/B, Pillar No. 160 Attapur,
Rajendranagar Mandal
Hyderabad,500048",,hyderabad,,,500048,India,,,,,,https://ysprod.croma.com/store_sites/hyderabad-attapur.html,,,,,,,,,
CROMA,TV,Consumer Electronics,,CROMA,croma-kukatpally,"Croma, No.5-1-63, Adjacent to BJP Office, Shanti Nagar, NH65,
Shanthi Nagar, Kukatpally
Hyderabad,500072",,hyderabad,,,500072,India,,,,,,https://ysprod.croma.com/store_sites/hyderabad-croma-kukatpally.html,,,,,,,,,
CROMA,TV,Consumer Electronics,,CROMA,hyderabad-international-airport,"Croma, Unit No. SU 16a, Level F,
Domestic Departure Rajiv Gandhi International Airport, Shamshabad
Hyderabad,500409",,hyderabad,,,500409,India,,,,,,https://ysprod.croma.com/store_sites/hyderabad-hyderabad-international-airport.html,,,,,,,,,
CROMA,TV,Consumer Electronics,,CROMA,jubilee-hills,"Croma, Ground and First, 755, Rd Number 36,
Kavuri Hills Phase 1, CBI Colony, Jubilee Hills
Hyderabad,500033",,hyderabad,,,500033,India,,,,,,https://ysprod.croma.com/store_sites/hyderabad-jubilee-hills.html,,,,,,,,,
CROMA,TV,Consumer Electronics,,CROMA,kompally-ratna-arcade,"Croma, Sree Vensai Towers, Ratna Arcade, Ground Floor Survey No. 128 National Highway 44,
Beside, Kompally
Hyderabad,500014",,hyderabad,,,500014,India,,,,,,https://ysprod.croma.com/store_sites/hyderabad-kompally-ratna-arcade.html,,,,,,,,,
CROMA,TV,Consumer Electronics,,CROMA,kondapur,"Croma, Nagarjuna Ikon, Plot No 4, Survey No 19,
Kothguda Village Serlingampally mandal opposite bus stop, Kondapur
Hyderabad,50008",,hyderabad,,,50008,India,,,,,,https://ysprod.croma.com/store_sites/hyderabad-kondapur.html,,,,,,,,,
CROMA,TV,Consumer Electronics,,CROMA,l-b-nagar,"Croma, Ground Floor, D.V. Cascade, Plot no 59A, 59B, 59C, 59D,
Survey No.9/9 LB Nagar Service Road Saroornagar Village, L. B. Nagar
Hyderabad,500074",,hyderabad,,,500074,India,,,,,,https://ysprod.croma.com/store_sites/hyderabad-l-b-nagar.html,,,,,,,,,
CROMA,TV,Consumer Electronics,,CROMA,ramanthapur-croma,"Croma, Unit - 2 & 3,Ground floor, Plot survey No.46, Pragathi Nagar,
Opposite Megha Women's Degree College, Pragathi Nagar, Habsiguda
Hyderabad,500013",,hyderabad,,,500013,India,,,,,,https://ysprod.croma.com/store_sites/hyderabad-ramanthapur-croma.html,,,,,,,,,
CROMA,TV,Consumer Electronics,,CROMA,sarath-city-capital,"Croma, 2F 83-86, Sarath City Capital Mall,
Kothaguda Village Serlingampally Mandal, Gachibowli
Hyderabad,500084",,hyderabad,,,500084,India,,,,,,https://ysprod.croma.com/store_sites/hyderabad-sarath-city-capital.html,,,,,,,,,
CROMA,TV,Consumer Electronics,,CROMA,vikrampuri-kharkhana,"Croma, Unit.no: 3-7-222, & 3-7-223 Vikrampuri, village,
Kakaguda, Karkhana
Hyderabad,500009",,hyderabad,,,500009,India,,,,,,https://ysprod.croma.com/store_sites/hyderabad-vikrampuri-kharkhana.html,,,,,,,,,
CROMA,TV,Consumer Electronics,,CROMA,hubli-croma,"Ground and First Floor, Signature Mall,
Opposite Urban Oasis, Gokul Road, Airport Road, 
Hubli ,580030",,hubli,,,580030,India,,,,,,https://ysprod.croma.com/store_sites/hubli-hubli-croma.html,,,,,,,,,
CROMA,TV,Consumer Electronics,,CROMA,croma-gwalior-city-center,"Croma, C1, opposite Hotel Central Park,
City Center
Gwalior,474001",,gwalior,,,474001,India,,,,,,https://ysprod.croma.com/store_sites/gwalior-croma-gwalior-city-center.html,,,,,,,,,
CROMA,TV,Consumer Electronics,,CROMA,ambience-mall,"Croma, S-207, 208, 2nd Floor Ambience Mall NH-8,
Ambience Island
Gurgaon,122001",,gurgaon,,,122001,India,,,,,,https://ysprod.croma.com/store_sites/gurgaon-ambience-mall.html,,,,,,,,,
CROMA,TV,Consumer Electronics,,CROMA,dlf-city,"Croma, Golf Course Road, Saraswati Vihar,
DLF Phase 1, Sector 28
Gurgaon,122002",,gurgaon,,,122002,India,,,,,,https://ysprod.croma.com/store_sites/gurgaon-dlf-city.html,,,,,,,,,
CROMA,TV,Consumer Electronics,,CROMA,sector-29,"Croma, SCO No.313 &First Floor,
SCO No.314, Sector 29
Gurgaon,122002",,gurgaon,,,122002,India,,,,,,https://ysprod.croma.com/store_sites/gurgaon-sector-29.html,,,,,,,,,
CROMA,TV,Consumer Electronics,,CROMA,sohna-road,"Croma, Universal Trade Tower, Ground/Mezzanine Floor,
A118, Sohna - Gurgaon Rd, Sector 49
Gurgaon,122018",,gurgaon,,,122018,India,,,,,,https://ysprod.croma.com/store_sites/gurgaon-sohna-road.html,,,,,,,,,
CROMA,TV,Consumer Electronics,,CROMA,greater-noida-ansal-plaza,"Croma, Unit no.A G-16&22,
Pari Chowk, Sadarpur
Greater Noida,201308",,greater-noida,,,201308,India,,,,,,https://ysprod.croma.com/store_sites/greater-noida-greater-noida-ansal-plaza.html,,,,,,,,,
CROMA,TV,Consumer Electronics,,CROMA,croma-goa,"Croma, Mathura One�, situated at Survey No. 381/3,
NH 66, Porvorim
Goa,403501",,goa,,,403501,India,,,,,,https://ysprod.croma.com/store_sites/goa-croma-goa.html,,,,,,,,,
CROMA,TV,Consumer Electronics,,CROMA,aditya-city-centre-indirapuram,"Croma, Plot No.C, Aditya City Centre, GH-3,
Vaibhav Khand, Indirapuram
Ghaziabad,201001",,ghaziabad,,,201001,India,,,,,,https://ysprod.croma.com/store_sites/ghaziabad-aditya-city-centre-indirapuram.html,,,,,,,,,
CROMA,TV,Consumer Electronics,,CROMA,gaur-central-rdc,"Croma, Unit No 9 Ground Floor Gaur Central,
Maharana Pratap Marg, RDC, Raj Nagar
Ghaziabad,201001",,ghaziabad,,,201001,India,,,,,,https://ysprod.croma.com/store_sites/ghaziabad-gaur-central-rdc.html,,,,,,,,,
CROMA,TV,Consumer Electronics,,CROMA,pacific-mall,"Croma, Plot 1, Dr Burman Rd, Plot Alpha,
Sahibabad Industrial Area Site 4, Sahibabad
Ghaziabad,201001",,ghaziabad,,,201001,India,,,,,,https://ysprod.croma.com/store_sites/ghaziabad-pacific-mall.html,,,,,,,,,
CROMA,TV,Consumer Electronics,,CROMA,crown-mall,"Croma, Crown Faridabad, 1st Floor, Crown Mall, 
National Highway 2, 12/7, Mathura Rd
Faridabad,121003",,faridabad,,,121003,India,,,,,,https://ysprod.croma.com/store_sites/faridabad-crown-mall.html,,,,,,,,,
CROMA,TV,Consumer Electronics,,CROMA,annanagar,"Croma, Khanna Building, AA-5, 2nd Ave, Lapis lagoon, 
AA Block, Shanthi Colony, Anna Nagar
Chennai,600004",,chennai,,,600004,India,,,,,,https://ysprod.croma.com/store_sites/chennai-annanagar.html,,,,,,,,,
CROMA,TV,Consumer Electronics,,CROMA,bsr-mall,"Croma, 1/609, BSR Mall, Old Mahabalipuram Rd,
Thoraipakkam
Chennai,600096",,chennai,,,600096,India,,,,,,https://ysprod.croma.com/store_sites/chennai-bsr-mall.html,,,,,,,,,
CROMA,TV,Consumer Electronics,,CROMA,chrompet-croma,"Croma, No 14 & 15, GST Road Tambaram Sanatorium,
Kamakshi Colony, Chromepet
Chennai,600047",,chennai,,,600047,India,,,,,,https://ysprod.croma.com/store_sites/chennai-chrompet-croma.html,,,,,,,,,
CROMA,TV,Consumer Electronics,,CROMA,croma-avadi,"Croma, Avadi, Plot No. 6/PC2, 4 & 5, 60 Feet Rd,
Ramalingapuram, TNHB
Chennai,600054",,chennai,,,600054,India,,,,,,https://ysprod.croma.com/store_sites/chennai-croma-avadi.html,,,,,,,,,
CROMA,TV,Consumer Electronics,,CROMA,grand-mall-velachery,"Croma, Phoenix Market City, 137,
Velachery - Tambaram Main Rd, Tambaram
Chennai,600042",,chennai,,,600042,India,,,,,,https://ysprod.croma.com/store_sites/chennai-grand-mall-velachery.html,,,,,,,,,
CROMA,TV,Consumer Electronics,,CROMA,mogappair,"Croma, Fashion look, Plot No B24, Industrial Plot,
at Dr. Puratchi Thalaivi Jayalalita Nagar West Opp, Mogappair
Chennai,600037",,chennai,,,600037,India,,,,,,https://ysprod.croma.com/store_sites/chennai-mogappair.html,,,,,,,,,
CROMA,TV,Consumer Electronics,,CROMA,mount-road,"Croma, Tarapore Towers, 826 Ground Floor,
Anna Salai
Chennai,600002",,chennai,,,600002,India,,,,,,https://ysprod.croma.com/store_sites/chennai-mount-road.html,,,,,,,,,
CROMA,TV,Consumer Electronics,,CROMA,phoenix-market-city-vellachery,"Croma, Phoenix Market City, Croma nd Floor, Velachery Main Rd,
near By Guru Nanak College, Indira Gandhi Nagar, Velachery
Chennai,600042",,chennai,,,600042,India,,,,,,https://ysprod.croma.com/store_sites/chennai-phoenix-market-city-vellachery.html,,,,,,,,,
CROMA,TV,Consumer Electronics,,CROMA,t-nagar,"Croma, Kences Towers, Ground Flr,
Usman Road No.1, Ramakrishna St, T. Nagar
Chennai,600017",,chennai,,,600017,India,,,,,,https://ysprod.croma.com/store_sites/chennai-t-nagar.html,,,,,,,,,
CROMA,TV,Consumer Electronics,,CROMA,sector-22b,"Croma, Ground/First Floor SCO No.1094,
1095, Sector 22C
Chandigarh,160022",,chandigarh,,,160022,India,,,,,,https://ysprod.croma.com/store_sites/chandigarh-sector-22b.html,,,,,,,,,
CROMA,TV,Consumer Electronics,,CROMA,sector-26,"Croma, SCO No-57, Ground/Basement,
Madhya Marg, Sector 26
Chandigarh,160019",,chandigarh,,,160019,India,,,,,,https://ysprod.croma.com/store_sites/chandigarh-sector-26.html,,,,,,,,,
CROMA,TV,Consumer Electronics,,CROMA,croma-bhuj,"Croma, Ground & First Floor Anchor 2,
Seven Sky Mall Seven Sky Ring Road
Bhuj,370001",,bhuj,,,370001,India,,,,,,https://ysprod.croma.com/store_sites/bhuj-croma-bhuj.html,,,,,,,,,
CROMA,TV,Consumer Electronics,,CROMA,croma-bhavnagar,"Croma,Unit Nos.G/3,G/4 on Ground Floor and G-104,G-105 & G-106 on 1st FLR
Sun Exotica,Plot No.16,65-68,Iscon Megacity, Kalvibid Water Tank to Jewel's Circle Road
Bhavnagar,364001",,bhavnagar,,,364001,India,,,,,,https://ysprod.croma.com/store_sites/bhavnagar-croma-bhavnagar.html,,,,,,,,,
CROMA,TV,Consumer Electronics,,CROMA,banshankari,"Croma, S.R.P. Arcade, 30/31, 6th Phase,
Outer Ring Rd, Banashankari 3rd Stage
Bangalore,560085",,bangalore,,,560085,India,,,,,,https://ysprod.croma.com/store_sites/bangalore-banshankari.html,,,,,,,,,
CROMA,TV,Consumer Electronics,,CROMA,indira-nagar,"Croma, 767-767/1,hal 2nd Floor,
100 Feet Rd, Indiranagar
Bangalore,560038",,bangalore,,,560038,India,,,,,,https://ysprod.croma.com/store_sites/bangalore-indira-nagar.html,,,,,,,,,
CROMA,TV,Consumer Electronics,,CROMA,jayanagar,"Croma, Plot No.31, Ground Floor And First Floor Shravanee's Krishna Mansion Outer Ring Road,
100 Feet Ring Rd, 2nd Block, Jayanagar
Bangalore,560011",,bangalore,,,560011,India,,,,,,https://ysprod.croma.com/store_sites/bangalore-jayanagar.html,,,,,,,,,
CROMA,TV,Consumer Electronics,,CROMA,kalyana-nagar,"Croma, Ground and 1st Floor S S Manor Chelikere Ring Road, Chikka Tayapa,
Kodandarama? Reddy Layout, Kalyan Nagar
Bangalore,560043",,bangalore,,,560043,India,,,,,,https://ysprod.croma.com/store_sites/bangalore-kalyana-nagar.html,,,,,,,,,
CROMA,TV,Consumer Electronics,,CROMA,koramangala,"Croma, Ground Floor, Indraprastha Equinox, 23, 100 Feet Rd, 
Venkappa Garden, Koramangala
Bangalore,560095",,bangalore,,,560095,India,,,,,,https://ysprod.croma.com/store_sites/bangalore-koramangala.html,,,,,,,,,
CROMA,TV,Consumer Electronics,,CROMA,malleshwaram,"Croma, Unit-UG33/UG38,
Sampige Rd, Malleshwaram
Bangalore,560003",,bangalore,,,560003,India,,,,,,https://ysprod.croma.com/store_sites/bangalore-malleshwaram.html,,,,,,,,,
CROMA,TV,Consumer Electronics,,CROMA,marathahalli,"Croma, P.R. Business Centre, Marathahalli - Sarjapur Outer Ring Rd,
Kadubeesanahalli, Marathahalli
Bangalore,560037",,bangalore,,,560037,India,,,,,,https://ysprod.croma.com/store_sites/bangalore-marathahalli.html,,,,,,,,,
CROMA,TV,Consumer Electronics,,CROMA,miraya-rose,"Croma, Miraya Rose, Survey No.66/1 (Old No.66 Siddapura Village,
Varthur Rd, Uttarahalli Hobli
Bangalore,560066",,bangalore,,,560066,India,,,,,,https://ysprod.croma.com/store_sites/bangalore-miraya-rose.html,,,,,,,,,
CROMA,TV,Consumer Electronics,,CROMA,new-bel-road,"Croma, Samarth, Plot No.20, New BEL Rd,
Jaladarshini Layout
Bangalore,560054",,bangalore,,,560054,India,,,,,,https://ysprod.croma.com/store_sites/bangalore-new-bel-road.html,,,,,,,,,
CROMA,TV,Consumer Electronics,,CROMA,phoenix-market-city,"Croma, Unit No.F69, 1st Floor Whitefield Road, Mahadevapura,
Near Flyover, Krishnarajapura
Bangalore,560048",,bangalore,,,560048,India,,,,,,https://ysprod.croma.com/store_sites/bangalore-phoenix-market-city.html,,,,,,,,,
CROMA,TV,Consumer Electronics,,CROMA,rajaji-nagar,"Croma, Plot No-385, 11, 19th G Main Rd, 1st Block,
1st N Block, Rajajinagar
Bangalore,560010",,bangalore,,,560010,India,,,,,,https://ysprod.croma.com/store_sites/bangalore-rajaji-nagar.html,,,,,,,,,
CROMA,TV,Consumer Electronics,,CROMA,royal-meenakshi-mall,"Croma, Unit 1, Bannerghatta Main Rd,
Arekere
Bangalore,560076",,bangalore,,,560076,India,,,,,,https://ysprod.croma.com/store_sites/bangalore-royal-meenakshi-mall.html,,,,,,,,,
CROMA,TV,Consumer Electronics,,CROMA,sarjapur,"Croma, Sarjapur Main Rd, Amblipura, PWD Quarters,
Ambalipura, Harlur
Bangalore,560035",,bangalore,,,560035,India,,,,,,https://ysprod.croma.com/store_sites/bangalore-sarjapur.html,,,,,,,,,
CROMA,TV,Consumer Electronics,,CROMA,star-bazar-kormangala,"Croma, Ward no 63, HM Vibha Towers, First Floor, H.M Tower,
Chikku Lakshmaiah Layout, Koramangala
Bangalore,560029",,bangalore,,,560029,India,,,,,,https://ysprod.croma.com/store_sites/bangalore-star-bazar-kormangala.html,,,,,,,,,
CROMA,TV,Consumer Electronics,,CROMA,woodys-j-p-nagar,"Croma, Ground floor/First Floor ,#45/1-1, Woody's, 17th Main, 5th Cross,
Marenahalli Rd, 2nd Phase, J. P. Nagar
Bangalore,560078",,bangalore,,,560078,India,,,,,,https://ysprod.croma.com/store_sites/bangalore-woodys-j-p-nagar.html,,,,,,,,,
CROMA,TV,Consumer Electronics,,CROMA,prozone-mall,"Croma, Prozone Mall, Unit No.G-67, Plot No.P-80,
MIDC Chikalthana Area, Airport Rd
Aurangabad,431210",,aurangabad,,,431210,India,,,,,,https://ysprod.croma.com/store_sites/aurangabad-prozone-mall.html,,,,,,,,,
CROMA,TV,Consumer Electronics,,CROMA,ahmedabad-domestic-airport,"Croma, Terminal-1, SHA,
First Floor S.V.P.I.Airport, Hansol
Ahmedabad,380003",,ahmedabad,,,380003,India,,,,,,https://ysprod.croma.com/store_sites/ahmedabad-ahmedabad-domestic-airport.html,,,,,,,,,
CROMA,TV,Consumer Electronics,,CROMA,ashram-road,"Croma, Ratna Business Square Scheme No.3,
Ashram Rd, Opposite H K College
Ahmedabad,380009",,ahmedabad,,,380009,India,,,,,,https://ysprod.croma.com/store_sites/ahmedabad-ashram-road.html,,,,,,,,,
CROMA,TV,Consumer Electronics,,CROMA,dev-arc-mall,"Croma, Dev Arc Mall,
Sg Road & Satellite Road Next to Fun Republic, Satellite
Ahmedabad,380053",,ahmedabad,,,380053,India,,,,,,https://ysprod.croma.com/store_sites/ahmedabad-dev-arc-mall.html,,,,,,,,,
CROMA,TV,Consumer Electronics,,CROMA,himalaya-mall,"CROMA,Basement-Himalaya Mall,Indraprasth Tower
Drive in Road,Memnagar
Ahmedabad,380052",,ahmedabad,,,380052,India,,,,,,https://ysprod.croma.com/store_sites/ahmedabad-himalaya-mall.html,,,,,,,,,
CROMA,TV,Consumer Electronics,,CROMA,maninagar,"Croma, Gate No. 3, The Arena Dayanad Road Near Kankaria Lake Kankaria,
Maninagar
Ahmedabad,380022",,ahmedabad,,,380022,India,,,,,,https://ysprod.croma.com/store_sites/ahmedabad-maninagar.html,,,,,,,,,
CROMA,TV,Consumer Electronics,,CROMA,motera,"Croma, Ground & 1st The Emporio Visat, Sarkhej - Gandhinagar Hwy,
Opp. 4, D Square, Motera
Ahmedabad,380005",,ahmedabad,,,380005,India,,,,,,https://ysprod.croma.com/store_sites/ahmedabad-motera.html,,,,,,,,,
CROMA,TV,Consumer Electronics,,CROMA,satyam-ahmedabad,"Croma, Court, Unit No. 02,03,04 on Ground & 102, 103 & 104 on 1st Floor, 
Opp.Gujarat High, Sarkhej - Gandhinagar Hwy
Ahmedabad,380060",,ahmedabad,,,380060,India,,,,,,https://ysprod.croma.com/store_sites/ahmedabad-satyam-ahmedabad.html,,,,,,,,,
