[
  {
    "city": "vadodara",
    "location": "centre-square-mall",
    "url": "https://ysprod.croma.com/store_sites/vadodara-centre-square-mall.html",
    "ADDRESS": "Croma, Centre Square Mall, Near Genda Circle Opp Vadodara Central,\nSarabhai Rd\nVadodara,390023"
  },
  {
    "city": "vadodara",
    "location": "eva-mall",
    "url": "https://ysprod.croma.com/store_sites/vadodara-eva-mall.html",
    "ADDRESS": "Croma, Patidar Crossing, EVA Mall,\nnear Saraswati Complex, Manjalpur\nVadodara,390011"
  },
  {
    "city": "surat",
    "location": "ghoddod-road",
    "url": "https://ysprod.croma.com/store_sites/surat-ghoddod-road.html",
    "ADDRESS": "Croma, Crossway Mall Ghod Dod Road, \nRam Chowk\nSurat,395007"
  },
  {
    "city": "surat",
    "location": "piplod",
    "url": "https://ysprod.croma.com/store_sites/surat-piplod.html",
    "ADDRESS": "Croma, Ripple Mall, Opposite Iscon Mall, \nDumas Rd, Piplod\nSurat,395001"
  },
  {
    "city": "surat",
    "location": "varachha",
    "url": "https://ysprod.croma.com/store_sites/surat-varachha.html",
    "ADDRESS": "Croma, DeepKamal Mall, Varachha Main Rd,\nSarthana Jakat Naka\nSurat,395006"
  },
  {
    "city": "rajkot",
    "location": "crystal-mall",
    "url": "https://ysprod.croma.com/store_sites/rajkot-crystal-mall.html",
    "ADDRESS": "Croma, Crystal Mall, Kalavad Rd, \nOpp. Rani Tower\nRajkot,360005"
  },
  {
    "city": "pune",
    "location": "aundh",
    "url": "https://ysprod.croma.com/store_sites/pune-aundh.html",
    "ADDRESS": "Croma, Restaurant, Survey No.127/2B/1A Technology Park ITI Road,\nNear, Sarjaa Rd, Sahil Park, Sanewadi, Aundh\nPune,411007"
  },
  {
    "city": "pune",
    "location": "baner-pune",
    "url": "https://ysprod.croma.com/store_sites/pune-baner-pune.html",
    "ADDRESS": "Croma, Showroom No. 1 & 2, Ground Floor, Pride Gateway S. No. 112,\n1/2/1, 112/1/2/3 P, Baner\nPune,411045"
  },
  {
    "city": "pune",
    "location": "croma-baramati",
    "url": "https://ysprod.croma.com/store_sites/pune-croma-baramati.html",
    "ADDRESS": "Croma, 116/12, Lower Ground, Ground, First and Second Floor G G Prime Square,\nJalochi, Baramati Bhigwan Road\nPune,413102"
  },
  {
    "city": "pune",
    "location": "kothrud",
    "url": "https://ysprod.croma.com/store_sites/pune-kothrud.html",
    "ADDRESS": "Croma, Giridhar Avenue,Ground Flr S.No.20/2 Plot No.R1,\nCTS No.677, Kothrud\nPune,411038"
  },
  {
    "city": "pune",
    "location": "krome-mall-pune-solapur-road",
    "url": "https://ysprod.croma.com/store_sites/pune-krome-mall-pune-solapur-road.html",
    "ADDRESS": "Croma, Krome Mall, 32/1, Pune - Solapur Rd, Bhaskar Colony, \nSwami Vivekanand Nagar, Lakshmi Nagar, Wanowrie\nPune ,411013"
  },
  {
    "city": "pune",
    "location": "phoenix-market-city",
    "url": "https://ysprod.croma.com/store_sites/pune-phoenix-market-city.html",
    "ADDRESS": "Croma, Phoenix Market City, Croma nd Floor, Velachery Main Rd,\nnear By Guru Nanak College, Velachery\nPune,411014"
  },
  {
    "city": "pune",
    "location": "pimpri",
    "url": "https://ysprod.croma.com/store_sites/pune-pimpri.html",
    "ADDRESS": "Croma, Shubhan Galleria, Shop No. 2, Ground Floor Opp Judson High School, \nNext to Finolx Chowk, Pimpri Colony\nPune,411018"
  },
  {
    "city": "pune",
    "location": "seasons-mall-magarpatta-city",
    "url": "https://ysprod.croma.com/store_sites/pune-seasons-mall-magarpatta-city.html",
    "ADDRESS": "Croma, Seasons Mall, 21, Magarpatta Police Station Rd,\nMagarpatta, Hadapsar\nPune,411028"
  },
  {
    "city": "pune",
    "location": "wakad",
    "url": "https://ysprod.croma.com/store_sites/pune-wakad.html",
    "ADDRESS": "Croma, Ground Floor, Showroom no.3/2 Building No. A,\nGO Square, Wakad\nPune,411057"
  },
  {
    "city": "noida",
    "location": "logix-city-centre",
    "url": "https://ysprod.croma.com/store_sites/noida-logix-city-centre.html",
    "ADDRESS": "Croma, Unit No. 11 Logix City Centre Plot No,\nBW-58, Sector 32\nNoida,201301"
  },
  {
    "city": "noida",
    "location": "noida-mall-of-india",
    "url": "https://ysprod.croma.com/store_sites/noida-noida-mall-of-india.html",
    "ADDRESS": "Croma, Unit No. C218B, 1st Floor DLF Mall of India Plot No. H-03, Sector 18,\nNoida\nNoida,201301"
  },
  {
    "city": "new-delhi",
    "location": "connaught-place",
    "url": "https://ysprod.croma.com/store_sites/new-delhi-connaught-place.html",
    "ADDRESS": "Croma, Ground Floor, Odeon Cine Complex, \nD Block, Connaught Place\nNew Delhi,110001"
  },
  {
    "city": "new-delhi",
    "location": "dwarka",
    "url": "https://ysprod.croma.com/store_sites/new-delhi-dwarka.html",
    "ADDRESS": "Croma, Pocket B, 4, Sector 13 Main Rd, \nSector 13, Dwarka\nNew Delhi,110075"
  },
  {
    "city": "new-delhi",
    "location": "east-of-kailash",
    "url": "https://ysprod.croma.com/store_sites/new-delhi-east-of-kailash.html",
    "ADDRESS": "Croma, Plot No.E, Lamba House 11-A, \nEast of Kailash\nNew Delhi,110065"
  },
  {
    "city": "new-delhi",
    "location": "green-park",
    "url": "https://ysprod.croma.com/store_sites/new-delhi-green-park.html",
    "ADDRESS": "Croma, Main Market, Plot bearing no. S-31,\nBlock S, Green Park\nNew Delhi,110016"
  },
  {
    "city": "new-delhi",
    "location": "janakpuri-unity-one",
    "url": "https://ysprod.croma.com/store_sites/new-delhi-janakpuri-unity-one.html",
    "ADDRESS": "Croma, Unity one-janakpuri,Multilevel Car Parking Shop no G6,G7,\nF6 & F7 Janakpuri west metro station Near Metro Piller No 600\nNew Delhi,110058"
  },
  {
    "city": "new-delhi",
    "location": "kamla-nagar",
    "url": "https://ysprod.croma.com/store_sites/new-delhi-kamla-nagar.html",
    "ADDRESS": "Croma, 27, Bungalow Rd, Block UA, Jawahar Nagar,\nKamla Nagar\nNew Delhi,110007"
  },
  {
    "city": "new-delhi",
    "location": "preet-vihar",
    "url": "https://ysprod.croma.com/store_sites/new-delhi-preet-vihar.html",
    "ADDRESS": "Croma, No.C, 53 Vikash Marg, Road,\nPlot Alpha, C Block, Preet Vihar\nNew Delhi,110092"
  },
  {
    "city": "new-delhi",
    "location": "pusa-road",
    "url": "https://ysprod.croma.com/store_sites/new-delhi-pusa-road.html",
    "ADDRESS": "Croma, Plot No-3, Pusa Rd, Block 18 A, \nWEA, Karol Bagh\nNew Delhi,110005"
  },
  {
    "city": "new-delhi",
    "location": "rajouri-garden",
    "url": "https://ysprod.croma.com/store_sites/new-delhi-rajouri-garden.html",
    "ADDRESS": "Croma, C-10, Near, Gurudwara Rd,\nBlock C, Rajouri Garden\nNew Delhi,110027"
  },
  {
    "city": "new-delhi",
    "location": "rohini-sector3",
    "url": "https://ysprod.croma.com/store_sites/new-delhi-rohini-sector3.html",
    "ADDRESS": "Croma,Vikas Surya Shopping Mall\nPlot No.18,Mangalam Place,Sec -3,Rohini \nNew Delhi,110085"
  },
  {
    "city": "new-delhi",
    "location": "rohini-unity-metro-park",
    "url": "https://ysprod.croma.com/store_sites/new-delhi-rohini-unity-metro-park.html",
    "ADDRESS": "Croma, Unity One-Rohini, Shop no G1, Sector-10 Bhagwan Mahavir Marg Beside Rohini West Metro Station,\nUnity One Mall\nNew Delhi,110085"
  },
  {
    "city": "new-delhi",
    "location": "saket",
    "url": "https://ysprod.croma.com/store_sites/new-delhi-saket.html",
    "ADDRESS": "Croma, E,150, Saket Rd,\nBlock E, Saket\nNew Delhi,110017"
  },
  {
    "city": "new-delhi",
    "location": "select-citywalk-mall",
    "url": "https://ysprod.croma.com/store_sites/new-delhi-select-citywalk-mall.html",
    "ADDRESS": "Croma, F-02,First Floor, Select City Walk plot no.a-3 &, P-1B,\nSaket District Centre, District Centre, Sector 6, Pushp Vihar\nNew Delhi,110017"
  },
  {
    "city": "new-delhi",
    "location": "south-ex",
    "url": "https://ysprod.croma.com/store_sites/new-delhi-south-ex.html",
    "ADDRESS": "Croma, D-14, South Extension,\nPart 2, South Extension II\nNew Delhi,110049"
  },
  {
    "city": "nasik",
    "location": "off-college-road",
    "url": "https://ysprod.croma.com/store_sites/nasik-off-college-road.html",
    "ADDRESS": "Croma, Unit No.1/2/101, Hari Prabha Solitario,\nKulkarni Baug, Off College Road, Thatte Marg\nNasik,422005"
  },
  {
    "city": "mysore",
    "location": "croma-mysore-double-rd",
    "url": "https://ysprod.croma.com/store_sites/mysore-croma-mysore-double-rd.html",
    "ADDRESS": "508, Vishwamanava Double Road\nKuvempunagar\nMysore,570023"
  },
  {
    "city": "mumbai",
    "location": "akshar-plaza-vashi-",
    "url": "https://ysprod.croma.com/store_sites/mumbai-akshar-plaza-vashi-.html",
    "ADDRESS": "Croma, Akshar Plaza Ground & First Floor Plot No. 26 & 27 C, Palm Beach Rd,\nSector 19, Vashi, Navi Mumbai\nMumbai,400705"
  },
  {
    "city": "mumbai",
    "location": "andheri-w-",
    "url": "https://ysprod.croma.com/store_sites/mumbai-andheri-w-.html",
    "ADDRESS": "Croma, 2/3 Link Road Landmark,\nOpposite China Gate Restaurant Andheri\nMumbai,400053"
  },
  {
    "city": "mumbai",
    "location": "bandra-linking-road",
    "url": "https://ysprod.croma.com/store_sites/mumbai-bandra-linking-road.html",
    "ADDRESS": "Croma, Lower Ground Link Square Mall 490, Vitthalbhai Patel Road,\n491, 33rd Rd, Bandra West\nMumbai,400050"
  },
  {
    "city": "mumbai",
    "location": "belapur-cbd",
    "url": "https://ysprod.croma.com/store_sites/mumbai-belapur-cbd.html",
    "ADDRESS": "Croma, Plot 35, Lords Bldg, 35A, Palm Beach Rd, \nSector 15, CBD Belapur, Navi Mumbai\nMumbai,400614"
  },
  {
    "city": "mumbai",
    "location": "bhandup",
    "url": "https://ysprod.croma.com/store_sites/mumbai-bhandup.html",
    "ADDRESS": "Croma, Neptune Mall Ground Floor Near Mangatram petrol pump,\nLBS Rd, Bhandup West\nMumbai,400078"
  },
  {
    "city": "mumbai",
    "location": "borivali-west-",
    "url": "https://ysprod.croma.com/store_sites/mumbai-borivali-west-.html",
    "ADDRESS": "Croma, Natraj, Ground & 1st Floor, Sodawala Ln,\nBorivali West\nMumbai,400092"
  },
  {
    "city": "mumbai",
    "location": "breach-candy",
    "url": "https://ysprod.croma.com/store_sites/mumbai-breach-candy.html",
    "ADDRESS": "Croma, 106, Dhun-Abad, Bhulabai Desai Road Junction of Warden Road, &, \nL Jagmohandas Marg\nMumbai,400036"
  },
  {
    "city": "mumbai",
    "location": "century-bhawan-prabhadevi",
    "url": "https://ysprod.croma.com/store_sites/mumbai-century-bhawan-prabhadevi.html",
    "ADDRESS": "Croma, Century Bhavan, Lower Ground Floor,\nDr Annie Besant Rd, Worli\nMumbai,400030"
  },
  {
    "city": "mumbai",
    "location": "croma-big-mall-thane",
    "url": "https://ysprod.croma.com/store_sites/mumbai-croma-big-mall-thane.html",
    "ADDRESS": "Croma, Level 1, Big Shopping Center, Above Hyper City,\nGhodbunder Rd, Thane West\nMumbai,400601"
  },
  {
    "city": "mumbai",
    "location": "croma-churchgate-god",
    "url": "https://ysprod.croma.com/store_sites/mumbai-croma-churchgate-god.html",
    "ADDRESS": "Croma, Ram Mahal, Block No. 2, Ground Floor, 8\nDinshaw Vacha Rd, Churchgate\nMumbai,400020"
  },
  {
    "city": "mumbai",
    "location": "croma-thane",
    "url": "https://ysprod.croma.com/store_sites/mumbai-croma-thane.html",
    "ADDRESS": "Croma, R Mall, House No. 43, S. NO. 32/2H, 5,\nGhodbunder Rd, Thane West\nMumbai,400607"
  },
  {
    "city": "mumbai",
    "location": "growel-mall",
    "url": "https://ysprod.croma.com/store_sites/mumbai-growel-mall.html",
    "ADDRESS": "Croma, Growel's 101, Off Western Express Highway,\nAkurli Road, Kandivali East\nMumbai,400101"
  },
  {
    "city": "mumbai",
    "location": "high-street-phoenix-lower-parel",
    "url": "https://ysprod.croma.com/store_sites/mumbai-high-street-phoenix-lower-parel.html",
    "ADDRESS": "Croma, 462, Grand Galleria, Pheonix Mills Compound,\nTulsi Pipe Rd, Block-43, Parel\nMumbai,400013"
  },
  {
    "city": "mumbai",
    "location": "horniman-circle-fort",
    "url": "https://ysprod.croma.com/store_sites/mumbai-horniman-circle-fort.html",
    "ADDRESS": "Croma, Ground Floor, Elphistone Building, 10-Veer Nariman Road, \nHorniman Circle, Fort\nMumbai,400023"
  },
  {
    "city": "mumbai",
    "location": "infiniti-mall",
    "url": "https://ysprod.croma.com/store_sites/mumbai-infiniti-mall.html",
    "ADDRESS": "Croma, Infiniti Mall, Unit No.LG002,\nNew Link Rd, Malad West\nMumbai,400064"
  },
  {
    "city": "mumbai",
    "location": "juhu",
    "url": "https://ysprod.croma.com/store_sites/mumbai-juhu.html",
    "ADDRESS": "Croma, Juhu Ground Floor, Vasundhara Chs, Opp Utpal Shanghvi School, \nSainath Nagar, JVPD Scheme, Vile Parle West\nMumbai,400049"
  },
  {
    "city": "mumbai",
    "location": "kharghar",
    "url": "https://ysprod.croma.com/store_sites/mumbai-kharghar.html",
    "ADDRESS": "Croma, Kharghar,Showroom No.2/3/4/5/6,\nGround/First Floor The Landmark,Plot No.26A,Sec 07, Kharghar\nMumbai,410210"
  },
  {
    "city": "mumbai",
    "location": "mahavir-nagar-kandivali",
    "url": "https://ysprod.croma.com/store_sites/mumbai-mahavir-nagar-kandivali.html",
    "ADDRESS": "Croma, V Souk, B-2, Sector-10, Opposite, Kamla Vihar Sports Club Ln,\nMahavir Nagar, Kandivali\nMumbai,400067"
  },
  {
    "city": "mumbai",
    "location": "malad-link-road",
    "url": "https://ysprod.croma.com/store_sites/mumbai-malad-link-road.html",
    "ADDRESS": "Croma, Palm Spring, Ground Floor Center, New Link Rd, \nMalad, Mindspace, Malad West\nMumbai,400064"
  },
  {
    "city": "mumbai",
    "location": "maxus-mall-bhayander",
    "url": "https://ysprod.croma.com/store_sites/mumbai-maxus-mall-bhayander.html",
    "ADDRESS": "Croma, Rashesh Mall, Near Maxus Mall, Sri Vallabhacharyaji Marg Near New fly over Bridge,\nNext to Venkatesh Hall, Bhayandar\nMumbai,401101"
  },
  {
    "city": "mumbai",
    "location": "mulund",
    "url": "https://ysprod.croma.com/store_sites/mumbai-mulund.html",
    "ADDRESS": "Croma, Colour Scape, Mall Dhamaal, Off LBS Road, Dumping Road Opp. R Mall, \nNear, Mulund Checknaka, Mulund West\nMumbai,400080"
  },
  {
    "city": "mumbai",
    "location": "mumbai-airport-terminal-2-departures",
    "url": "https://ysprod.croma.com/store_sites/mumbai-mumbai-airport-terminal-2-departures.html",
    "ADDRESS": "Croma, Chhatrapati Shivaji International Airport, Terminal 2,\nNavpada, Vile Parle East, Vile Parle\nMumbai,400099"
  },
  {
    "city": "mumbai",
    "location": "phoenix-market-city-kurla",
    "url": "https://ysprod.croma.com/store_sites/mumbai-phoenix-market-city-kurla.html",
    "ADDRESS": "Croma, UG - 41 / 42, LBS Rd, Kamani,\nKurla West, Kurla\nMumbai,400070"
  },
  {
    "city": "mumbai",
    "location": "r-mall",
    "url": "https://ysprod.croma.com/store_sites/mumbai-r-mall.html",
    "ADDRESS": "Croma, R Mall, House No. 43, S. NO. 32/2H, 5, Ghodbunder Rd,\nDokali Pada, Dhokali, Thane West\nMumbai,400607"
  },
  {
    "city": "mumbai",
    "location": "r-city-mall-ghatkopar",
    "url": "https://ysprod.croma.com/store_sites/mumbai-r-city-mall-ghatkopar.html",
    "ADDRESS": "Croma, R City Mall, Unit No.G10, Ground Floor,\nLBS Rd, Amrut Nagar, Ghatkopar West\nMumbai,400086"
  },
  {
    "city": "mumbai",
    "location": "seawoods-grand-central-mall",
    "url": "https://ysprod.croma.com/store_sites/mumbai-seawoods-grand-central-mall.html",
    "ADDRESS": "Croma, Plot No. R-1, Seawoods Grand Central Mall Railway Station,\nSector 40, Seawoods, Navi Mumbai\nMumbai,400706"
  },
  {
    "city": "mumbai",
    "location": "sion",
    "url": "https://ysprod.croma.com/store_sites/mumbai-sion.html",
    "ADDRESS": "Croma, Cinemax, SION, Ground Floor, Sion Garage Building, \nPlot No. 112 Sion Koliwada Road,Near\nMumbai,400022"
  },
  {
    "city": "mumbai",
    "location": "terminal-1b-mumbai-airport",
    "url": "https://ysprod.croma.com/store_sites/mumbai-terminal-1b-mumbai-airport.html",
    "ADDRESS": "Croma, At Ph II of Terminal B1 Chhatrapati Shivaji International Airport,\nNavpada, Vile Parle East, Vile Parle\nMumbai,400099"
  },
  {
    "city": "mohali",
    "location": "vr-mohali",
    "url": "https://ysprod.croma.com/store_sites/mohali-vr-mohali.html",
    "ADDRESS": "Croma,VRMALL-A162, Unit No.G-17,18,19, F-17,18,19\nVR PUNJAB NH-21, S.A.S Nagar, Mohali Kharar Road\nMohali,160055"
  },
  {
    "city": "mandya",
    "location": "mandya-croma",
    "url": "https://ysprod.croma.com/store_sites/mandya-mandya-croma.html",
    "ADDRESS": "Croma, Dayananda International D2/1529/1784/1, Bandi Gowda Layout Next to Hero Showroom,\nIndian Oil petrol pump, SH 1\nMandya,571401"
  },
  {
    "city": "kolkata",
    "location": "croma-sarat-bose-road",
    "url": "https://ysprod.croma.com/store_sites/kolkata-croma-sarat-bose-road.html",
    "ADDRESS": "57, Sarat Bose Road, Ground, First and Second Floor\nPS Residency Building\nKolkata,700025"
  },
  {
    "city": "kolhapur",
    "location": "croma-kolhapur",
    "url": "https://ysprod.croma.com/store_sites/kolhapur-croma-kolhapur.html",
    "ADDRESS": "Croma, Part Ground Floor, Plot No. 517 E, Next to Star Hyper,\nOld Pune Bangalore, Road, Kolhapur\nKolhapur,416001"
  },
  {
    "city": "jamnagar",
    "location": "jamnagar",
    "url": "https://ysprod.croma.com/store_sites/jamnagar-jamnagar.html",
    "ADDRESS": "Croma, Unit no. 1 - 7, Ground & 1st Floor,\nShreeji One Nr. Gurudwara, Indira Gandhi Rd\nJamnagar,361001"
  },
  {
    "city": "jaipur",
    "location": "wtp-jaipur",
    "url": "https://ysprod.croma.com/store_sites/jaipur-wtp-jaipur.html",
    "ADDRESS": "Croma, 1st floor, Tower A1, North, World Trade Park,\nJawahar Lal Nehru Marg, D-Block, Malviya Nagar\nJaipur,302017"
  },
  {
    "city": "indore",
    "location": "croma-indore",
    "url": "https://ysprod.croma.com/store_sites/indore-croma-indore.html",
    "ADDRESS": "Croma, Unit No. F1 to F11, First Floor,\nApollo Premier, Vijay Nagar Square\nIndore,452010"
  },
  {
    "city": "hyderabad",
    "location": "a-s-rao-nagar",
    "url": "https://ysprod.croma.com/store_sites/hyderabad-a-s-rao-nagar.html",
    "ADDRESS": "Croma, Tirupathi Reddy Plaza, Plot no 2,\nG Block Colony AS Rao Nagar, Kapra\nHyderabad,500062"
  },
  {
    "city": "hyderabad",
    "location": "attapur",
    "url": "https://ysprod.croma.com/store_sites/hyderabad-attapur.html",
    "ADDRESS": "Croma, Sirimalle Square Plot Nos. 8, 9, 10 Survey No. 523/B, Pillar No. 160 Attapur,\nRajendranagar Mandal\nHyderabad,500048"
  },
  {
    "city": "hyderabad",
    "location": "croma-kukatpally",
    "url": "https://ysprod.croma.com/store_sites/hyderabad-croma-kukatpally.html",
    "ADDRESS": "Croma, No.5-1-63, Adjacent to BJP Office, Shanti Nagar, NH65,\nShanthi Nagar, Kukatpally\nHyderabad,500072"
  },
  {
    "city": "hyderabad",
    "location": "hyderabad-international-airport",
    "url": "https://ysprod.croma.com/store_sites/hyderabad-hyderabad-international-airport.html",
    "ADDRESS": "Croma, Unit No. SU 16a, Level F,\nDomestic Departure Rajiv Gandhi International Airport, Shamshabad\nHyderabad,500409"
  },
  {
    "city": "hyderabad",
    "location": "jubilee-hills",
    "url": "https://ysprod.croma.com/store_sites/hyderabad-jubilee-hills.html",
    "ADDRESS": "Croma, Ground and First, 755, Rd Number 36,\nKavuri Hills Phase 1, CBI Colony, Jubilee Hills\nHyderabad,500033"
  },
  {
    "city": "hyderabad",
    "location": "kompally-ratna-arcade",
    "url": "https://ysprod.croma.com/store_sites/hyderabad-kompally-ratna-arcade.html",
    "ADDRESS": "Croma, Sree Vensai Towers, Ratna Arcade, Ground Floor Survey No. 128 National Highway 44,\nBeside, Kompally\nHyderabad,500014"
  },
  {
    "city": "hyderabad",
    "location": "kondapur",
    "url": "https://ysprod.croma.com/store_sites/hyderabad-kondapur.html",
    "ADDRESS": "Croma, Nagarjuna Ikon, Plot No 4, Survey No 19,\nKothguda Village Serlingampally mandal opposite bus stop, Kondapur\nHyderabad,50008"
  },
  {
    "city": "hyderabad",
    "location": "l-b-nagar",
    "url": "https://ysprod.croma.com/store_sites/hyderabad-l-b-nagar.html",
    "ADDRESS": "Croma, Ground Floor, D.V. Cascade, Plot no 59A, 59B, 59C, 59D,\nSurvey No.9/9 LB Nagar Service Road Saroornagar Village, L. B. Nagar\nHyderabad,500074"
  },
  {
    "city": "hyderabad",
    "location": "ramanthapur-croma",
    "url": "https://ysprod.croma.com/store_sites/hyderabad-ramanthapur-croma.html",
    "ADDRESS": "Croma, Unit - 2 & 3,Ground floor, Plot survey No.46, Pragathi Nagar,\nOpposite Megha Women's Degree College, Pragathi Nagar, Habsiguda\nHyderabad,500013"
  },
  {
    "city": "hyderabad",
    "location": "sarath-city-capital",
    "url": "https://ysprod.croma.com/store_sites/hyderabad-sarath-city-capital.html",
    "ADDRESS": "Croma, 2F 83-86, Sarath City Capital Mall,\nKothaguda Village Serlingampally Mandal, Gachibowli\nHyderabad,500084"
  },
  {
    "city": "hyderabad",
    "location": "vikrampuri-kharkhana",
    "url": "https://ysprod.croma.com/store_sites/hyderabad-vikrampuri-kharkhana.html",
    "ADDRESS": "Croma, Unit.no: 3-7-222, & 3-7-223 Vikrampuri, village,\nKakaguda, Karkhana\nHyderabad,500009"
  },
  {
    "city": "hubli",
    "location": "hubli-croma",
    "url": "https://ysprod.croma.com/store_sites/hubli-hubli-croma.html",
    "ADDRESS": "Ground and First Floor, Signature Mall,\nOpposite Urban Oasis, Gokul Road, Airport Road, \nHubli ,580030"
  },
  {
    "city": "gwalior",
    "location": "croma-gwalior-city-center",
    "url": "https://ysprod.croma.com/store_sites/gwalior-croma-gwalior-city-center.html",
    "ADDRESS": "Croma, C1, opposite Hotel Central Park,\nCity Center\nGwalior,474001"
  },
  {
    "city": "gurgaon",
    "location": "ambience-mall",
    "url": "https://ysprod.croma.com/store_sites/gurgaon-ambience-mall.html",
    "ADDRESS": "Croma, S-207, 208, 2nd Floor Ambience Mall NH-8,\nAmbience Island\nGurgaon,122001"
  },
  {
    "city": "gurgaon",
    "location": "dlf-city",
    "url": "https://ysprod.croma.com/store_sites/gurgaon-dlf-city.html",
    "ADDRESS": "Croma, Golf Course Road, Saraswati Vihar,\nDLF Phase 1, Sector 28\nGurgaon,122002"
  },
  {
    "city": "gurgaon",
    "location": "sector-29",
    "url": "https://ysprod.croma.com/store_sites/gurgaon-sector-29.html",
    "ADDRESS": "Croma, SCO No.313 &First Floor,\nSCO No.314, Sector 29\nGurgaon,122002"
  },
  {
    "city": "gurgaon",
    "location": "sohna-road",
    "url": "https://ysprod.croma.com/store_sites/gurgaon-sohna-road.html",
    "ADDRESS": "Croma, Universal Trade Tower, Ground/Mezzanine Floor,\nA118, Sohna - Gurgaon Rd, Sector 49\nGurgaon,122018"
  },
  {
    "city": "greater-noida",
    "location": "greater-noida-ansal-plaza",
    "url": "https://ysprod.croma.com/store_sites/greater-noida-greater-noida-ansal-plaza.html",
    "ADDRESS": "Croma, Unit no.A G-16&22,\nPari Chowk, Sadarpur\nGreater Noida,201308"
  },
  {
    "city": "goa",
    "location": "croma-goa",
    "url": "https://ysprod.croma.com/store_sites/goa-croma-goa.html",
    "ADDRESS": "Croma, Mathura One�, situated at Survey No. 381/3,\nNH 66, Porvorim\nGoa,403501"
  },
  {
    "city": "ghaziabad",
    "location": "aditya-city-centre-indirapuram",
    "url": "https://ysprod.croma.com/store_sites/ghaziabad-aditya-city-centre-indirapuram.html",
    "ADDRESS": "Croma, Plot No.C, Aditya City Centre, GH-3,\nVaibhav Khand, Indirapuram\nGhaziabad,201001"
  },
  {
    "city": "ghaziabad",
    "location": "gaur-central-rdc",
    "url": "https://ysprod.croma.com/store_sites/ghaziabad-gaur-central-rdc.html",
    "ADDRESS": "Croma, Unit No 9 Ground Floor Gaur Central,\nMaharana Pratap Marg, RDC, Raj Nagar\nGhaziabad,201001"
  },
  {
    "city": "ghaziabad",
    "location": "pacific-mall",
    "url": "https://ysprod.croma.com/store_sites/ghaziabad-pacific-mall.html",
    "ADDRESS": "Croma, Plot 1, Dr Burman Rd, Plot Alpha,\nSahibabad Industrial Area Site 4, Sahibabad\nGhaziabad,201001"
  },
  {
    "city": "faridabad",
    "location": "crown-mall",
    "url": "https://ysprod.croma.com/store_sites/faridabad-crown-mall.html",
    "ADDRESS": "Croma, Crown Faridabad, 1st Floor, Crown Mall, \nNational Highway 2, 12/7, Mathura Rd\nFaridabad,121003"
  },
  {
    "city": "chennai",
    "location": "annanagar",
    "url": "https://ysprod.croma.com/store_sites/chennai-annanagar.html",
    "ADDRESS": "Croma, Khanna Building, AA-5, 2nd Ave, Lapis lagoon, \nAA Block, Shanthi Colony, Anna Nagar\nChennai,600004"
  },
  {
    "city": "chennai",
    "location": "bsr-mall",
    "url": "https://ysprod.croma.com/store_sites/chennai-bsr-mall.html",
    "ADDRESS": "Croma, 1/609, BSR Mall, Old Mahabalipuram Rd,\nThoraipakkam\nChennai,600096"
  },
  {
    "city": "chennai",
    "location": "chrompet-croma",
    "url": "https://ysprod.croma.com/store_sites/chennai-chrompet-croma.html",
    "ADDRESS": "Croma, No 14 & 15, GST Road Tambaram Sanatorium,\nKamakshi Colony, Chromepet\nChennai,600047"
  },
  {
    "city": "chennai",
    "location": "croma-avadi",
    "url": "https://ysprod.croma.com/store_sites/chennai-croma-avadi.html",
    "ADDRESS": "Croma, Avadi, Plot No. 6/PC2, 4 & 5, 60 Feet Rd,\nRamalingapuram, TNHB\nChennai,600054"
  },
  {
    "city": "chennai",
    "location": "grand-mall-velachery",
    "url": "https://ysprod.croma.com/store_sites/chennai-grand-mall-velachery.html",
    "ADDRESS": "Croma, Phoenix Market City, 137,\nVelachery - Tambaram Main Rd, Tambaram\nChennai,600042"
  },
  {
    "city": "chennai",
    "location": "mogappair",
    "url": "https://ysprod.croma.com/store_sites/chennai-mogappair.html",
    "ADDRESS": "Croma, Fashion look, Plot No B24, Industrial Plot,\nat Dr. Puratchi Thalaivi Jayalalita Nagar West Opp, Mogappair\nChennai,600037"
  },
  {
    "city": "chennai",
    "location": "mount-road",
    "url": "https://ysprod.croma.com/store_sites/chennai-mount-road.html",
    "ADDRESS": "Croma, Tarapore Towers, 826 Ground Floor,\nAnna Salai\nChennai,600002"
  },
  {
    "city": "chennai",
    "location": "phoenix-market-city-vellachery",
    "url": "https://ysprod.croma.com/store_sites/chennai-phoenix-market-city-vellachery.html",
    "ADDRESS": "Croma, Phoenix Market City, Croma nd Floor, Velachery Main Rd,\nnear By Guru Nanak College, Indira Gandhi Nagar, Velachery\nChennai,600042"
  },
  {
    "city": "chennai",
    "location": "t-nagar",
    "url": "https://ysprod.croma.com/store_sites/chennai-t-nagar.html",
    "ADDRESS": "Croma, Kences Towers, Ground Flr,\nUsman Road No.1, Ramakrishna St, T. Nagar\nChennai,600017"
  },
  {
    "city": "chandigarh",
    "location": "sector-22b",
    "url": "https://ysprod.croma.com/store_sites/chandigarh-sector-22b.html",
    "ADDRESS": "Croma, Ground/First Floor SCO No.1094,\n1095, Sector 22C\nChandigarh,160022"
  },
  {
    "city": "chandigarh",
    "location": "sector-26",
    "url": "https://ysprod.croma.com/store_sites/chandigarh-sector-26.html",
    "ADDRESS": "Croma, SCO No-57, Ground/Basement,\nMadhya Marg, Sector 26\nChandigarh,160019"
  },
  {
    "city": "bhuj",
    "location": "croma-bhuj",
    "url": "https://ysprod.croma.com/store_sites/bhuj-croma-bhuj.html",
    "ADDRESS": "Croma, Ground & First Floor Anchor 2,\nSeven Sky Mall Seven Sky Ring Road\nBhuj,370001"
  },
  {
    "city": "bhavnagar",
    "location": "croma-bhavnagar",
    "url": "https://ysprod.croma.com/store_sites/bhavnagar-croma-bhavnagar.html",
    "ADDRESS": "Croma,Unit Nos.G/3,G/4 on Ground Floor and G-104,G-105 & G-106 on 1st FLR\nSun Exotica,Plot No.16,65-68,Iscon Megacity, Kalvibid Water Tank to Jewel's Circle Road\nBhavnagar,364001"
  },
  {
    "city": "bangalore",
    "location": "banshankari",
    "url": "https://ysprod.croma.com/store_sites/bangalore-banshankari.html",
    "ADDRESS": "Croma, S.R.P. Arcade, 30/31, 6th Phase,\nOuter Ring Rd, Banashankari 3rd Stage\nBangalore,560085"
  },
  {
    "city": "bangalore",
    "location": "indira-nagar",
    "url": "https://ysprod.croma.com/store_sites/bangalore-indira-nagar.html",
    "ADDRESS": "Croma, 767-767/1,hal 2nd Floor,\n100 Feet Rd, Indiranagar\nBangalore,560038"
  },
  {
    "city": "bangalore",
    "location": "jayanagar",
    "url": "https://ysprod.croma.com/store_sites/bangalore-jayanagar.html",
    "ADDRESS": "Croma, Plot No.31, Ground Floor And First Floor Shravanee's Krishna Mansion Outer Ring Road,\n100 Feet Ring Rd, 2nd Block, Jayanagar\nBangalore,560011"
  },
  {
    "city": "bangalore",
    "location": "kalyana-nagar",
    "url": "https://ysprod.croma.com/store_sites/bangalore-kalyana-nagar.html",
    "ADDRESS": "Croma, Ground and 1st Floor S S Manor Chelikere Ring Road, Chikka Tayapa,\nKodandarama? Reddy Layout, Kalyan Nagar\nBangalore,560043"
  },
  {
    "city": "bangalore",
    "location": "koramangala",
    "url": "https://ysprod.croma.com/store_sites/bangalore-koramangala.html",
    "ADDRESS": "Croma, Ground Floor, Indraprastha Equinox, 23, 100 Feet Rd, \nVenkappa Garden, Koramangala\nBangalore,560095"
  },
  {
    "city": "bangalore",
    "location": "malleshwaram",
    "url": "https://ysprod.croma.com/store_sites/bangalore-malleshwaram.html",
    "ADDRESS": "Croma, Unit-UG33/UG38,\nSampige Rd, Malleshwaram\nBangalore,560003"
  },
  {
    "city": "bangalore",
    "location": "marathahalli",
    "url": "https://ysprod.croma.com/store_sites/bangalore-marathahalli.html",
    "ADDRESS": "Croma, P.R. Business Centre, Marathahalli - Sarjapur Outer Ring Rd,\nKadubeesanahalli, Marathahalli\nBangalore,560037"
  },
  {
    "city": "bangalore",
    "location": "miraya-rose",
    "url": "https://ysprod.croma.com/store_sites/bangalore-miraya-rose.html",
    "ADDRESS": "Croma, Miraya Rose, Survey No.66/1 (Old No.66 Siddapura Village,\nVarthur Rd, Uttarahalli Hobli\nBangalore,560066"
  },
  {
    "city": "bangalore",
    "location": "new-bel-road",
    "url": "https://ysprod.croma.com/store_sites/bangalore-new-bel-road.html",
    "ADDRESS": "Croma, Samarth, Plot No.20, New BEL Rd,\nJaladarshini Layout\nBangalore,560054"
  },
  {
    "city": "bangalore",
    "location": "phoenix-market-city",
    "url": "https://ysprod.croma.com/store_sites/bangalore-phoenix-market-city.html",
    "ADDRESS": "Croma, Unit No.F69, 1st Floor Whitefield Road, Mahadevapura,\nNear Flyover, Krishnarajapura\nBangalore,560048"
  },
  {
    "city": "bangalore",
    "location": "rajaji-nagar",
    "url": "https://ysprod.croma.com/store_sites/bangalore-rajaji-nagar.html",
    "ADDRESS": "Croma, Plot No-385, 11, 19th G Main Rd, 1st Block,\n1st N Block, Rajajinagar\nBangalore,560010"
  },
  {
    "city": "bangalore",
    "location": "royal-meenakshi-mall",
    "url": "https://ysprod.croma.com/store_sites/bangalore-royal-meenakshi-mall.html",
    "ADDRESS": "Croma, Unit 1, Bannerghatta Main Rd,\nArekere\nBangalore,560076"
  },
  {
    "city": "bangalore",
    "location": "sarjapur",
    "url": "https://ysprod.croma.com/store_sites/bangalore-sarjapur.html",
    "ADDRESS": "Croma, Sarjapur Main Rd, Amblipura, PWD Quarters,\nAmbalipura, Harlur\nBangalore,560035"
  },
  {
    "city": "bangalore",
    "location": "star-bazar-kormangala",
    "url": "https://ysprod.croma.com/store_sites/bangalore-star-bazar-kormangala.html",
    "ADDRESS": "Croma, Ward no 63, HM Vibha Towers, First Floor, H.M Tower,\nChikku Lakshmaiah Layout, Koramangala\nBangalore,560029"
  },
  {
    "city": "bangalore",
    "location": "woodys-j-p-nagar",
    "url": "https://ysprod.croma.com/store_sites/bangalore-woodys-j-p-nagar.html",
    "ADDRESS": "Croma, Ground floor/First Floor ,#45/1-1, Woody's, 17th Main, 5th Cross,\nMarenahalli Rd, 2nd Phase, J. P. Nagar\nBangalore,560078"
  },
  {
    "city": "aurangabad",
    "location": "prozone-mall",
    "url": "https://ysprod.croma.com/store_sites/aurangabad-prozone-mall.html",
    "ADDRESS": "Croma, Prozone Mall, Unit No.G-67, Plot No.P-80,\nMIDC Chikalthana Area, Airport Rd\nAurangabad,431210"
  },
  {
    "city": "ahmedabad",
    "location": "ahmedabad-domestic-airport",
    "url": "https://ysprod.croma.com/store_sites/ahmedabad-ahmedabad-domestic-airport.html",
    "ADDRESS": "Croma, Terminal-1, SHA,\nFirst Floor S.V.P.I.Airport, Hansol\nAhmedabad,380003"
  },
  {
    "city": "ahmedabad",
    "location": "ashram-road",
    "url": "https://ysprod.croma.com/store_sites/ahmedabad-ashram-road.html",
    "ADDRESS": "Croma, Ratna Business Square Scheme No.3,\nAshram Rd, Opposite H K College\nAhmedabad,380009"
  },
  {
    "city": "ahmedabad",
    "location": "dev-arc-mall",
    "url": "https://ysprod.croma.com/store_sites/ahmedabad-dev-arc-mall.html",
    "ADDRESS": "Croma, Dev Arc Mall,\nSg Road & Satellite Road Next to Fun Republic, Satellite\nAhmedabad,380053"
  },
  {
    "city": "ahmedabad",
    "location": "himalaya-mall",
    "url": "https://ysprod.croma.com/store_sites/ahmedabad-himalaya-mall.html",
    "ADDRESS": "CROMA,Basement-Himalaya Mall,Indraprasth Tower\nDrive in Road,Memnagar\nAhmedabad,380052"
  },
  {
    "city": "ahmedabad",
    "location": "maninagar",
    "url": "https://ysprod.croma.com/store_sites/ahmedabad-maninagar.html",
    "ADDRESS": "Croma, Gate No. 3, The Arena Dayanad Road Near Kankaria Lake Kankaria,\nManinagar\nAhmedabad,380022"
  },
  {
    "city": "ahmedabad",
    "location": "motera",
    "url": "https://ysprod.croma.com/store_sites/ahmedabad-motera.html",
    "ADDRESS": "Croma, Ground & 1st The Emporio Visat, Sarkhej - Gandhinagar Hwy,\nOpp. 4, D Square, Motera\nAhmedabad,380005"
  },
  {
    "city": "ahmedabad",
    "location": "satyam-ahmedabad",
    "url": "https://ysprod.croma.com/store_sites/ahmedabad-satyam-ahmedabad.html",
    "ADDRESS": "Croma, Court, Unit No. 02,03,04 on Ground & 102, 103 & 104 on 1st Floor, \nOpp.Gujarat High, Sarkhej - Gandhinagar Hwy\nAhmedabad,380060"
  }
]
